"country","GDP_pc","meat_consumption","health"
"USA",57059.3576824559,61,1.59390489385142
"USA",57059.3576824559,4,1.3581569541927
"USA",57059.3576824559,3,1.2814924724567
"USA",57059.3576824559,0,2.39965475656825
"USA",57059.3576824559,511,1.27629002201162
"USA",57059.3576824559,246,1.56427826373676
"USA",57059.3576824559,164,0.273687829125758
"USA",57059.3576824559,0,1.50774040248544
"USA",57059.3576824559,268,0.901488745991824
"USA",57059.3576824559,164,0.857045425976653
"USA",57059.3576824559,291,0.169844272920004
"USA",57059.3576824559,51,1.34462861954521
"USA",57059.3576824559,17,2.14909176029401
"USA",57059.3576824559,0,2.02173251309081
"USA",57059.3576824559,26,1.21166264809401
"USA",57059.3576824559,265,1.42652801495554
"USA",57059.3576824559,421,-0.613251915357965
"USA",57059.3576824559,111,1.80082448893015
"USA",57059.3576824559,238,0.224059957498592
"USA",57059.3576824559,168,1.66012665032609
"USA",57059.3576824559,11,1.49270026075234
"USA",57059.3576824559,0,1.23172230229642
"USA",57059.3576824559,152,0.8182587726855
"USA",57059.3576824559,48,1.72795517723103
"USA",57059.3576824559,125,2.00655535154137
"USA",57059.3576824559,0,1.16521721185541
"USA",57059.3576824559,14,1.68967492085309
"USA",57059.3576824559,0,1.72290009474469
"USA",57059.3576824559,23,2.12917784784879
"USA",57059.3576824559,109,1.93883815328718
"USA",57059.3576824559,3,3.04490791411742
"USA",57059.3576824559,42,2.33950379130717
"USA",57059.3576824559,369,2.56167923953908
"USA",57059.3576824559,26,1.67112760899685
"USA",57059.3576824559,0,2.07196975377166
"USA",57059.3576824559,215,0.362194810214366
"USA",57059.3576824559,131,2.06413576448688
"USA",57059.3576824559,163,0.661918435454553
"USA",57059.3576824559,354,0.92284064315109
"USA",57059.3576824559,0,0.939191985156366
"USA",57059.3576824559,418,0.640208706632694
"USA",57059.3576824559,0,2.75092527207984
"USA",57059.3576824559,0,1.82360944883848
"USA",57059.3576824559,336,1.65663571662538
"USA",57059.3576824559,270,0.370421930550511
"USA",57059.3576824559,384,1.13511241852354
"USA",57059.3576824559,267,0.717469149111355
"USA",57059.3576824559,407,-0.0861366049137678
"USA",57059.3576824559,0,2.7473864360116
"USA",57059.3576824559,28,1.66860936536356
"USA",57059.3576824559,0,1.78300463643826
"USA",57059.3576824559,252,0.411987886230867
"USA",57059.3576824559,0,2.92854371689485
"USA",57059.3576824559,85,1.65896641357842
"USA",57059.3576824559,309,2.06384913599507
"USA",57059.3576824559,24,1.59618942688101
"USA",57059.3576824559,0,1.45573641051801
"USA",57059.3576824559,254,0.644437102132435
"USA",57059.3576824559,1,1.73601112702799
"USA",57059.3576824559,209,0.846924715258725
"USA",57059.3576824559,484,-0.114497210870087
"USA",57059.3576824559,74,1.81463077726707
"USA",57059.3576824559,442,-0.0221021426578158
"USA",57059.3576824559,364,0.0490562232747711
"USA",57059.3576824559,1,1.99746926576997
"USA",57059.3576824559,38,3.04572020858311
"USA",57059.3576824559,11,2.38319818622598
"USA",57059.3576824559,72,2.28493291223796
"USA",57059.3576824559,93,1.7535417162096
"USA",57059.3576824559,81,1.18238467878476
"USA",57059.3576824559,256,1.35280388390058
"USA",57059.3576824559,574,0.84890752255142
"USA",57059.3576824559,0,0.915739404340809
"USA",57059.3576824559,24,2.14646466686046
"USA",57059.3576824559,328,-0.0810477227494685
"USA",57059.3576824559,554,-0.910065619669252
"USA",57059.3576824559,190,0.426106029862301
"USA",57059.3576824559,16,2.19413966798276
"USA",57059.3576824559,0,1.85776875415962
"USA",57059.3576824559,499,0.352941670664626
"USA",57059.3576824559,176,1.10588509747831
"USA",57059.3576824559,0,2.1209523378936
"USA",57059.3576824559,23,1.73936123842607
"USA",57059.3576824559,49,1.48219477226743
"USA",57059.3576824559,119,1.19107880095424
"USA",57059.3576824559,96,1.20945571554137
"USA",57059.3576824559,121,0.951215079131201
"USA",57059.3576824559,0,0.801631491846858
"USA",57059.3576824559,188,0.694573697973418
"USA",57059.3576824559,38,0.852607743648578
"USA",57059.3576824559,45,2.03418995258694
"USA",57059.3576824559,16,1.56048898745176
"USA",57059.3576824559,263,0.745342240628264
"USA",57059.3576824559,113,1.5372401511454
"USA",57059.3576824559,22,2.27022398146741
"USA",57059.3576824559,16,1.2637905041643
"USA",57059.3576824559,271,0.173416851505476
"USA",57059.3576824559,386,0.390352985616477
"USA",57059.3576824559,62,0.600444214882394
"USA",57059.3576824559,106,0.663623335799354
"Australia",48899,45,0.850534591946434
"Australia",48899,204,-0.705607646061526
"Australia",48899,74,1.86442265821454
"Australia",48899,0,1.79141345387167
"Australia",48899,389,1.42232910934911
"Australia",48899,49,1.22946279163544
"Australia",48899,276,1.31718441854917
"Australia",48899,3,0.878061820219893
"Australia",48899,0,1.08337172254545
"Australia",48899,300,0.353809960383678
"Australia",48899,81,-0.0921840291074995
"Australia",48899,18,0.737983194203631
"Australia",48899,35,0.75961190447178
"Australia",48899,129,0.130153759007448
"Australia",48899,0,2.0033986646234
"Australia",48899,0,1.39992005212769
"Australia",48899,136,0.696598954639433
"Australia",48899,322,0.246730475173961
"Australia",48899,23,0.678598430484049
"Australia",48899,0,-0.0468116802925587
"Australia",48899,53,0.918563966965526
"Australia",48899,322,1.34159986936361
"Australia",48899,0,1.6014586036022
"Australia",48899,194,0.381404120042786
"Australia",48899,7,1.76721664852619
"Australia",48899,59,0.292363430786387
"Australia",48899,0,2.42828989774221
"Australia",48899,21,2.24347874188448
"Australia",48899,0,1.39270046568847
"Australia",48899,296,0.748593229617496
"Australia",48899,0,0.489495390665735
"Australia",48899,393,1.08715318142789
"Australia",48899,12,1.01656781449701
"Australia",48899,0,1.27270600370572
"Australia",48899,154,-0.0785936122813014
"Australia",48899,257,0.361113551025402
"Australia",48899,116,0.528379158506345
"Australia",48899,574,-0.465363178504051
"Australia",48899,88,0.866682782820097
"Australia",48899,126,1.35525854735714
"Australia",48899,0,2.32197755239105
"Australia",48899,73,1.07625964111472
"Australia",48899,17,1.37307484780846
"Australia",48899,21,1.30149664025197
"Australia",48899,17,1.54932579431525
"Australia",48899,53,0.405351917996277
"Australia",48899,0,1.20950044205223
"Australia",48899,96,0.656495267040006
"Australia",48899,260,0.37953753195984
"Australia",48899,0,1.53568685278802
"Australia",48899,83,0.887178757284432
"Australia",48899,35,1.04926266513025
"Australia",48899,75,0.611878947955941
"Australia",48899,384,0.935071819756384
"Australia",48899,24,0.95594383208772
"Australia",48899,16,1.24422473572803
"Australia",48899,35,0.825860608273743
"Australia",48899,0,0.0018623846437993
"Australia",48899,0,1.47901783110313
"Australia",48899,49,0.499306538163953
"Australia",48899,0,1.32852049596757
"Australia",48899,177,1.65439755509591
"Australia",48899,232,1.03941303660387
"Australia",48899,233,1.04490437749315
"Australia",48899,285,1.28105756038204
"Australia",48899,72,1.12451709672973
"Australia",48899,95,1.21742289387797
"Australia",48899,348,0.829819434102298
"Australia",48899,115,0.862590587316977
"Australia",48899,157,-0.115168987898595
"Australia",48899,0,1.50376632604443
"Australia",48899,1,1.8139283880392
"Australia",48899,94,1.01989584327882
"Australia",48899,255,-0.144330660349929
"Australia",48899,64,1.57499369619407
"Australia",48899,112,-0.0648137735097443
"Australia",48899,454,-0.00754291109951155
"Australia",48899,23,1.05066919515231
"Australia",48899,0,0.345943078650403
"Australia",48899,513,0.279119830481771
"Australia",48899,27,1.48865976469386
"Australia",48899,0,1.04313522640146
"Australia",48899,17,0.505437048976449
"Australia",48899,114,1.06123281845562
"Australia",48899,532,0.251690843262246
"Australia",48899,13,1.28080080686775
"Australia",48899,66,2.28795066336021
"Australia",48899,0,1.7409961298245
"Australia",48899,63,-0.105855505750125
"Australia",48899,74,-0.362580419508964
"Australia",48899,7,0.841896412809678
"Australia",48899,303,-0.387848635692242
"Australia",48899,170,0.058366960966228
"Australia",48899,324,1.68314506685747
"Australia",48899,90,0.979282025163211
"Australia",48899,0,0.598699963155545
"Australia",48899,234,0.474756200812337
"Australia",48899,142,0.0871066491642521
"Australia",48899,30,0.579708809461548
"Australia",48899,205,-0.13448584159745
"UK",42765.4032498883,326,1.41695149386478
"UK",42765.4032498883,7,0.478124911202998
"UK",42765.4032498883,98,1.21051930983203
"UK",42765.4032498883,17,1.00846372992507
"UK",42765.4032498883,89,1.7535746323541
"UK",42765.4032498883,22,0.554400102177271
"UK",42765.4032498883,13,0.905492395072167
"UK",42765.4032498883,107,0.994154154896382
"UK",42765.4032498883,0,0.9555171787325
"UK",42765.4032498883,8,1.15903125732836
"UK",42765.4032498883,523,-0.179902467647559
"UK",42765.4032498883,5,0.215896667548445
"UK",42765.4032498883,0,1.39293421800566
"UK",42765.4032498883,77,0.125684737337238
"UK",42765.4032498883,12,0.0715521497950401
"UK",42765.4032498883,140,1.04157509750527
"UK",42765.4032498883,81,1.51013456482143
"UK",42765.4032498883,161,1.00637862637202
"UK",42765.4032498883,0,1.26177854274438
"UK",42765.4032498883,161,0.77986387879757
"UK",42765.4032498883,325,0.815691808790787
"UK",42765.4032498883,0,0.581700837673866
"UK",42765.4032498883,105,1.30889630361119
"UK",42765.4032498883,24,0.736912211338492
"UK",42765.4032498883,103,1.0643071732899
"UK",42765.4032498883,120,-0.385726977399645
"UK",42765.4032498883,124,1.30245781074185
"UK",42765.4032498883,62,0.849108228959789
"UK",42765.4032498883,33,1.49682726691475
"UK",42765.4032498883,34,1.22830361505275
"UK",42765.4032498883,24,0.492148910221265
"UK",42765.4032498883,598,-0.253240242637416
"UK",42765.4032498883,156,1.60817901875195
"UK",42765.4032498883,475,1.85976530117362
"UK",42765.4032498883,0,0.689084960904712
"UK",42765.4032498883,221,0.508864779948551
"UK",42765.4032498883,55,1.74451617105783
"UK",42765.4032498883,0,0.364835766638634
"UK",42765.4032498883,273,0.507891450784787
"UK",42765.4032498883,0,0.0129654778370254
"UK",42765.4032498883,0,0.496881573942458
"UK",42765.4032498883,74,0.383925834024002
"UK",42765.4032498883,5,1.51620984710382
"UK",42765.4032498883,409,-0.0321587597030649
"UK",42765.4032498883,13,0.897060172153132
"UK",42765.4032498883,135,2.84880240525873
"UK",42765.4032498883,0,1.37304407857838
"UK",42765.4032498883,89,1.69739212769094
"UK",42765.4032498883,23,1.013300518671
"UK",42765.4032498883,522,-0.293404936498311
"UK",42765.4032498883,163,0.433762905156496
"UK",42765.4032498883,168,1.55546382118993
"UK",42765.4032498883,432,0.0978754218048134
"UK",42765.4032498883,24,1.01151037301368
"UK",42765.4032498883,280,0.141191160428834
"UK",42765.4032498883,4,0.385228071437955
"UK",42765.4032498883,0,1.13284149298501
"UK",42765.4032498883,269,1.67456001068372
"UK",42765.4032498883,88,0.316790996621173
"UK",42765.4032498883,177,0.432181242282552
"UK",42765.4032498883,161,0.573340623690042
"UK",42765.4032498883,249,1.54160375924163
"UK",42765.4032498883,0,-0.0441769304146795
"UK",42765.4032498883,0,0.562170015045851
"UK",42765.4032498883,131,0.846076538929486
"UK",42765.4032498883,102,-0.274140313296123
"UK",42765.4032498883,0,0.794210574056491
"UK",42765.4032498883,0,0.619441192387887
"UK",42765.4032498883,326,0.762215796916496
"UK",42765.4032498883,53,0.0677242513158969
"UK",42765.4032498883,98,0.548854252793602
"UK",42765.4032498883,17,2.05902256204674
"UK",42765.4032498883,1,0.567980218095696
"UK",42765.4032498883,197,-1.55926601271117
"UK",42765.4032498883,0,1.45739584058723
"UK",42765.4032498883,13,1.09753313144409
"UK",42765.4032498883,0,0.830509102648092
"UK",42765.4032498883,88,-0.61468736408681
"UK",42765.4032498883,198,1.07252368801323
"UK",42765.4032498883,175,1.54188084440817
"UK",42765.4032498883,374,0.810563047332148
"UK",42765.4032498883,191,-0.0991823199003924
"UK",42765.4032498883,61,1.49629312554362
"UK",42765.4032498883,10,0.493072479796841
"UK",42765.4032498883,10,1.31557693295559
"UK",42765.4032498883,11,-0.152110398447134
"UK",42765.4032498883,0,1.00875592271414
"UK",42765.4032498883,58,1.14464160178175
"UK",42765.4032498883,119,1.36686318800835
"UK",42765.4032498883,170,1.7419670157001
"UK",42765.4032498883,0,0.393532985707906
"UK",42765.4032498883,364,0.273596862240253
"UK",42765.4032498883,0,1.87373818759888
"UK",42765.4032498883,239,0.195809313017718
"UK",42765.4032498883,488,-0.0457072010535053
"UK",42765.4032498883,0,0.774395227412049
"UK",42765.4032498883,5,0.66607186984133
"UK",42765.4032498883,0,1.58164921867398
"UK",42765.4032498883,32,1.13922620445847
"UK",42765.4032498883,104,0.125683831280521
"France",42314,220,1.18373560758067
"France",42314,11,0.502458320516653
"France",42314,0,0.842969672364719
"France",42314,186,1.4122780862462
"France",42314,73,0.480121838149419
"France",42314,78,1.5063541800178
"France",42314,37,1.3589597853796
"France",42314,3,0.923916032325232
"France",42314,38,1.11233581570327
"France",42314,314,0.779279497588837
"France",42314,5,0.652061401720136
"France",42314,440,-0.322363845806807
"France",42314,185,-0.301878774846344
"France",42314,0,0.64906949194907
"France",42314,41,0.406233522873608
"France",42314,328,0.956364009314278
"France",42314,240,1.09329169939187
"France",42314,17,0.41423551934874
"France",42314,68,0.636715374714236
"France",42314,137,-0.126057581378449
"France",42314,0,1.18950551909543
"France",42314,20,1.32022299718996
"France",42314,59,0.522082701117826
"France",42314,330,0.366344691967516
"France",42314,9,1.61060252315278
"France",42314,26,0.292730251836678
"France",42314,294,0.200228092820517
"France",42314,63,0.542990727729105
"France",42314,13,0.28713007175117
"France",42314,0,0.945102423993926
"France",42314,98,0.429653903765662
"France",42314,88,1.68463148797843
"France",42314,306,1.41077042118609
"France",42314,102,0.809630686577477
"France",42314,1,1.29202226890756
"France",42314,45,1.65797780110438
"France",42314,32,0.911023244982491
"France",42314,205,0.858740833241944
"France",42314,0,1.58883834427328
"France",42314,290,1.06458537259089
"France",42314,93,0.453197968395729
"France",42314,34,1.19855107495324
"France",42314,0,1.37309932678339
"France",42314,0,0.766565056776433
"France",42314,0,0.878177619206416
"France",42314,22,0.974657578409025
"France",42314,34,0.221189470215383
"France",42314,0,1.31908923293259
"France",42314,311,1.35408681204071
"France",42314,351,1.28158605349749
"France",42314,0,1.37770523726791
"France",42314,133,1.29658007483483
"France",42314,0,0.766418802652371
"France",42314,325,1.11692431194976
"France",42314,267,0.874513805603727
"France",42314,227,-0.842242551420828
"France",42314,367,1.56749866844996
"France",42314,58,0.650483834800881
"France",42314,20,0.66431366930129
"France",42314,0,0.928037816089725
"France",42314,138,0.803689914725699
"France",42314,140,0.254789023724229
"France",42314,408,0.694477186923917
"France",42314,3,1.08932787902247
"France",42314,427,0.255328072857151
"France",42314,237,0.799349066441687
"France",42314,479,0.756160850655549
"France",42314,0,1.787817148125
"France",42314,231,-0.158542236337633
"France",42314,0,0.684416160244926
"France",42314,158,1.84068480746003
"France",42314,0,0.998855502209549
"France",42314,69,1.34605899900387
"France",42314,5,1.0950674573352
"France",42314,22,0.418339772020765
"France",42314,507,0.817486977599573
"France",42314,24,1.67086442909813
"France",42314,0,0.895919304738321
"France",42314,0,-0.0490909480310719
"France",42314,534,-0.938604972111179
"France",42314,106,0.383897371228489
"France",42314,17,2.12109954418823
"France",42314,0,0.288508091148226
"France",42314,0,0.293748083821975
"France",42314,109,0.395048915735041
"France",42314,0,0.919822575818753
"France",42314,96,1.64029796146462
"France",42314,269,0.381325568807212
"France",42314,195,1.89700470102432
"France",42314,0,1.3977281850127
"France",42314,11,1.10520048586495
"France",42314,97,1.07691052805988
"France",42314,151,1.04745167286078
"France",42314,0,0.655500729364014
"France",42314,185,0.255757130128444
"France",42314,0,0.617189893268621
"France",42314,0,0.443958796092122
"France",42314,84,1.69238997543168
"France",42314,1,0.779407375286113
"France",42314,369,0.85682468249891
"Israel",35179,53,-0.50249648086184
"Israel",35179,34,0.619626583321447
"Israel",35179,140,1.11220108179248
"Israel",35179,77,0.811662284660132
"Israel",35179,4,-0.13377664563606
"Israel",35179,47,1.02138616066518
"Israel",35179,291,0.145189484022619
"Israel",35179,22,0.930487789201053
"Israel",35179,27,0.848765282943742
"Israel",35179,0,1.62303458906649
"Israel",35179,39,1.02648209326178
"Israel",35179,14,-0.411797108111241
"Israel",35179,86,0.303550288404941
"Israel",35179,295,0.397574889339849
"Israel",35179,0,-0.185836745473438
"Israel",35179,0,0.652947209624934
"Israel",35179,0,2.03215548861051
"Israel",35179,11,0.452125155157588
"Israel",35179,408,0.571483095876057
"Israel",35179,136,0.870197482620038
"Israel",35179,0,0.461390949731734
"Israel",35179,47,0.337412814828734
"Israel",35179,55,0.534584126822313
"Israel",35179,45,0.56911816606847
"Israel",35179,0,0.22241257397603
"Israel",35179,332,0.542855862550739
"Israel",35179,0,0.894012463460973
"Israel",35179,293,0.588464015247579
"Israel",35179,0,-0.0947391460615908
"Israel",35179,237,0.565164124497421
"Israel",35179,412,0.541426749386364
"Israel",35179,42,0.986071940348844
"Israel",35179,0,0.902134987020789
"Israel",35179,157,0.0761387493067685
"Israel",35179,5,1.45304319278651
"Israel",35179,300,0.755600592721794
"Israel",35179,86,0.757501128633492
"Israel",35179,207,0.0448088362691902
"Israel",35179,4,0.0391086196845909
"Israel",35179,0,0.258714742054641
"Israel",35179,0,-0.029568492988028
"Israel",35179,246,0.325813238723767
"Israel",35179,550,0.939726736313013
"Israel",35179,182,1.22586017353249
"Israel",35179,0,0.578894550845542
"Israel",35179,70,-0.419552728093621
"Israel",35179,0,0.195580081591888
"Israel",35179,599,-0.739685284015555
"Israel",35179,0,0.475742847198796
"Israel",35179,4,0.415985954097284
"Israel",35179,0,0.205050045201956
"Israel",35179,78,0.409856558074756
"Israel",35179,0,2.16241038570921
"Israel",35179,332,0.865111161057482
"Israel",35179,344,1.17049948535965
"Israel",35179,39,-0.0815002484992553
"Israel",35179,0,-0.809343659282671
"Israel",35179,296,0.873552111573083
"Israel",35179,199,1.5088780957663
"Israel",35179,96,-0.099780223375358
"Israel",35179,16,-0.119833365761576
"Israel",35179,0,-0.450085484063262
"Israel",35179,31,0.176907015794606
"Israel",35179,152,1.63350562782654
"Israel",35179,38,0.517653486833096
"Israel",35179,62,0.714183571569708
"Israel",35179,0,0.0348484617479727
"Israel",35179,236,0.713717403641307
"Israel",35179,237,0.61180515239582
"Israel",35179,202,-0.82533454268217
"Israel",35179,102,1.82985482905581
"Israel",35179,535,-0.324265407261357
"Israel",35179,0,0.575015959303233
"Israel",35179,41,0.336488754314459
"Israel",35179,26,1.12895875170932
"Israel",35179,106,0.562778149063544
"Israel",35179,0,-0.0430053907860867
"Israel",35179,187,0.324520210760814
"Israel",35179,0,0.354287153587038
"Israel",35179,15,0.890933592906073
"Israel",35179,215,0.562274442089823
"Israel",35179,340,0.869431768286341
"Israel",35179,59,1.08889949290748
"Israel",35179,0,0.810505866588164
"Israel",35179,7,0.271894309020585
"Israel",35179,543,0.235228142627067
"Israel",35179,21,1.12773035621144
"Israel",35179,232,1.12840336097064
"Israel",35179,288,-0.603306436848217
"Israel",35179,296,0.394276044513879
"Israel",35179,38,0.157146622739791
"Israel",35179,0,1.26856056522154
"Israel",35179,140,0.292524401332634
"Israel",35179,50,0.81853621056061
"Israel",35179,72,-0.167588193627053
"Israel",35179,40,0.263310722048276
"Israel",35179,132,1.03065312211794
"Israel",35179,235,1.29378190219132
"Israel",35179,72,-0.0907251529010815
"Israel",35179,0,0.819560018540726
"Turkey",25217.2481114306,0,-0.474307614902389
"Turkey",25217.2481114306,0,-1.33029023778832
"Turkey",25217.2481114306,39,1.22040936146206
"Turkey",25217.2481114306,264,1.03239388776326
"Turkey",25217.2481114306,42,-0.210344137747231
"Turkey",25217.2481114306,4,-0.602931525664366
"Turkey",25217.2481114306,60,0.463763671255201
"Turkey",25217.2481114306,0,-0.163828171953235
"Turkey",25217.2481114306,19,0.191952690195564
"Turkey",25217.2481114306,349,0.622529400203139
"Turkey",25217.2481114306,52,-0.383697608771234
"Turkey",25217.2481114306,0,-0.0100860822591225
"Turkey",25217.2481114306,10,-0.384998384105192
"Turkey",25217.2481114306,262,0.827454915445278
"Turkey",25217.2481114306,35,-0.10508358339378
"Turkey",25217.2481114306,0,0.653637514030918
"Turkey",25217.2481114306,209,1.27949109421809
"Turkey",25217.2481114306,304,-0.330224459570309
"Turkey",25217.2481114306,0,1.17462173360087
"Turkey",25217.2481114306,0,0.0593714435626992
"Turkey",25217.2481114306,0,0.112617072108107
"Turkey",25217.2481114306,35,-0.422756415415708
"Turkey",25217.2481114306,5,-1.05490407304395
"Turkey",25217.2481114306,0,-0.737785220024395
"Turkey",25217.2481114306,0,-0.303067782024545
"Turkey",25217.2481114306,2,-0.475867822600785
"Turkey",25217.2481114306,50,-0.729704653883963
"Turkey",25217.2481114306,0,0.8375153207619
"Turkey",25217.2481114306,166,1.03330147619625
"Turkey",25217.2481114306,12,-1.24860472679917
"Turkey",25217.2481114306,7,0.814705504823185
"Turkey",25217.2481114306,0,-0.0610051863743876
"Turkey",25217.2481114306,513,2.32757434982753
"Turkey",25217.2481114306,34,0.868601807086768
"Turkey",25217.2481114306,44,-0.174041143192522
"Turkey",25217.2481114306,3,0.384411625592259
"Turkey",25217.2481114306,24,0.02593259300132
"Turkey",25217.2481114306,0,-0.647319058231959
"Turkey",25217.2481114306,0,0.412010612001897
"Turkey",25217.2481114306,0,-1.26838295259928
"Turkey",25217.2481114306,6,-0.259559132136193
"Turkey",25217.2481114306,16,0.733760462124965
"Turkey",25217.2481114306,31,-0.432294000880524
"Turkey",25217.2481114306,35,0.514680535797494
"Turkey",25217.2481114306,163,0.138703413768179
"Turkey",25217.2481114306,42,-0.819393768237173
"Turkey",25217.2481114306,9,0.417964744179101
"Turkey",25217.2481114306,367,0.395930653832173
"Turkey",25217.2481114306,0,0.352565805192653
"Turkey",25217.2481114306,0,-0.902591376036664
"Turkey",25217.2481114306,0,-0.292516836236406
"Turkey",25217.2481114306,0,-0.0530067444684818
"Turkey",25217.2481114306,156,0.319981862438621
"Turkey",25217.2481114306,80,-1.01816511260775
"Turkey",25217.2481114306,37,0.251310443432823
"Turkey",25217.2481114306,0,0.0666477834073162
"Turkey",25217.2481114306,9,-0.619801965148887
"Turkey",25217.2481114306,0,0.119098224718611
"Turkey",25217.2481114306,21,0.888878540283887
"Turkey",25217.2481114306,13,-1.07024778355201
"Turkey",25217.2481114306,161,0.171179035675301
"Turkey",25217.2481114306,143,2.08811978200612
"Turkey",25217.2481114306,374,0.0821479136019171
"Turkey",25217.2481114306,0,0.428502181237973
"Turkey",25217.2481114306,415,0.867840697825692
"Turkey",25217.2481114306,32,0.189325394015939
"Turkey",25217.2481114306,297,-0.387658053279966
"Turkey",25217.2481114306,60,-0.485365893611946
"Turkey",25217.2481114306,51,-0.764914153623163
"Turkey",25217.2481114306,111,-0.428129423356498
"Turkey",25217.2481114306,13,1.95368706774555
"Turkey",25217.2481114306,136,-0.796327091718169
"Turkey",25217.2481114306,123,-0.420982366320673
"Turkey",25217.2481114306,208,0.268712565862746
"Turkey",25217.2481114306,307,-0.526612714721416
"Turkey",25217.2481114306,8,0.524355310554737
"Turkey",25217.2481114306,0,0.487114471149628
"Turkey",25217.2481114306,36,1.47113909625549
"Turkey",25217.2481114306,0,0.300883771571625
"Turkey",25217.2481114306,13,0.3960816280745
"Turkey",25217.2481114306,0,0.48658272688352
"Turkey",25217.2481114306,186,-0.358333858782905
"Turkey",25217.2481114306,0,0.333178928350613
"Turkey",25217.2481114306,5,0.0978469261172772
"Turkey",25217.2481114306,59,-0.45261464691199
"Turkey",25217.2481114306,0,-0.208278066302065
"Turkey",25217.2481114306,198,0.34690905430633
"Turkey",25217.2481114306,71,1.11762402297169
"Turkey",25217.2481114306,39,-0.158617909981585
"Turkey",25217.2481114306,27,0.368087137866212
"Turkey",25217.2481114306,0,-0.554324429334565
"Turkey",25217.2481114306,25,-0.101178338976398
"Turkey",25217.2481114306,149,-0.187219060036626
"Turkey",25217.2481114306,0,-0.0867155430662098
"Turkey",25217.2481114306,0,0.27320739228021
"Turkey",25217.2481114306,0,-0.919785090195578
"Turkey",25217.2481114306,78,0.41540567292696
"Turkey",25217.2481114306,21,-0.61174230086852
"Turkey",25217.2481114306,6,-0.219665576910192
"Turkey",25217.2481114306,4,-0.28121314266535
"Bulgaria",20481.3297075763,22,0.652652036076512
"Bulgaria",20481.3297075763,0,0.317607759944653
"Bulgaria",20481.3297075763,8,-0.421333683775734
"Bulgaria",20481.3297075763,46,0.153724603411169
"Bulgaria",20481.3297075763,3,-0.00311697055968107
"Bulgaria",20481.3297075763,50,-0.190907023664103
"Bulgaria",20481.3297075763,52,-0.783180352361718
"Bulgaria",20481.3297075763,0,0.178215828172269
"Bulgaria",20481.3297075763,41,-0.0240255843607255
"Bulgaria",20481.3297075763,206,0.232012814128646
"Bulgaria",20481.3297075763,0,0.180329150820684
"Bulgaria",20481.3297075763,187,0.381367544725917
"Bulgaria",20481.3297075763,102,0.044496409734947
"Bulgaria",20481.3297075763,155,0.73680643196324
"Bulgaria",20481.3297075763,119,-0.215452605965732
"Bulgaria",20481.3297075763,283,0.535368542045478
"Bulgaria",20481.3297075763,0,0.578636007580641
"Bulgaria",20481.3297075763,102,0.0632446243866244
"Bulgaria",20481.3297075763,15,-0.45801033723514
"Bulgaria",20481.3297075763,34,-0.217218477209745
"Bulgaria",20481.3297075763,17,-0.891876178351235
"Bulgaria",20481.3297075763,0,-0.866111996206289
"Bulgaria",20481.3297075763,0,0.873165143750469
"Bulgaria",20481.3297075763,8,-0.292126789377239
"Bulgaria",20481.3297075763,0,-0.442519702054318
"Bulgaria",20481.3297075763,130,-0.558424686450669
"Bulgaria",20481.3297075763,0,-1.21552215503263
"Bulgaria",20481.3297075763,191,-0.336425643768731
"Bulgaria",20481.3297075763,5,-0.36416957199086
"Bulgaria",20481.3297075763,1,-0.526287269283969
"Bulgaria",20481.3297075763,0,-0.804800860796203
"Bulgaria",20481.3297075763,0,-0.517371217432212
"Bulgaria",20481.3297075763,288,-0.206746278987835
"Bulgaria",20481.3297075763,82,-0.464374302199408
"Bulgaria",20481.3297075763,18,-0.00807895575752644
"Bulgaria",20481.3297075763,19,-1.10615200113163
"Bulgaria",20481.3297075763,107,-1.04547595563928
"Bulgaria",20481.3297075763,4,-1.16365337356097
"Bulgaria",20481.3297075763,0,0.566925170334241
"Bulgaria",20481.3297075763,576,0.890046058193326
"Bulgaria",20481.3297075763,6,-1.28082375788625
"Bulgaria",20481.3297075763,0,0.143180486614164
"Bulgaria",20481.3297075763,0,-1.09283645609017
"Bulgaria",20481.3297075763,0,-0.0555318740621682
"Bulgaria",20481.3297075763,171,0.963985363773045
"Bulgaria",20481.3297075763,55,0.0208834318891302
"Bulgaria",20481.3297075763,5,-0.180401970190393
"Bulgaria",20481.3297075763,17,-0.782910317956744
"Bulgaria",20481.3297075763,102,0.614455694486046
"Bulgaria",20481.3297075763,260,-0.116413918569379
"Bulgaria",20481.3297075763,6,-1.01176078610505
"Bulgaria",20481.3297075763,0,-1.59978757528128
"Bulgaria",20481.3297075763,377,0.901250834593898
"Bulgaria",20481.3297075763,0,-0.703200826752437
"Bulgaria",20481.3297075763,123,0.704689065710733
"Bulgaria",20481.3297075763,0,-0.549143870628683
"Bulgaria",20481.3297075763,356,0.412262509491817
"Bulgaria",20481.3297075763,0,0.142288308796813
"Bulgaria",20481.3297075763,131,-0.0925534411434422
"Bulgaria",20481.3297075763,418,0.728335329548311
"Bulgaria",20481.3297075763,38,-0.419574824494798
"Bulgaria",20481.3297075763,0,-0.899496192648766
"Bulgaria",20481.3297075763,0,-0.241968621775956
"Bulgaria",20481.3297075763,14,0.0724445678188353
"Bulgaria",20481.3297075763,43,0.378533959917873
"Bulgaria",20481.3297075763,156,-0.225433389289819
"Bulgaria",20481.3297075763,0,0.574133727256243
"Bulgaria",20481.3297075763,12,-0.0577748437705993
"Bulgaria",20481.3297075763,53,-0.862310039821406
"Bulgaria",20481.3297075763,10,0.0701910970143039
"Bulgaria",20481.3297075763,0,-0.454749989916582
"Bulgaria",20481.3297075763,91,0.858342928114489
"Bulgaria",20481.3297075763,108,1.8132646181032
"Bulgaria",20481.3297075763,124,0.194156557975687
"Bulgaria",20481.3297075763,0,-0.411992626156188
"Bulgaria",20481.3297075763,332,-0.271413351593117
"Bulgaria",20481.3297075763,0,0.261923658695407
"Bulgaria",20481.3297075763,0,-1.34436097896138
"Bulgaria",20481.3297075763,83,1.36804068338416
"Bulgaria",20481.3297075763,211,0.321796453967752
"Bulgaria",20481.3297075763,138,0.813233582547101
"Bulgaria",20481.3297075763,221,-0.942413499658144
"Bulgaria",20481.3297075763,3,-0.296806918614416
"Bulgaria",20481.3297075763,0,0.654082250128193
"Bulgaria",20481.3297075763,0,-0.59520772220591
"Bulgaria",20481.3297075763,43,-1.09880237373543
"Bulgaria",20481.3297075763,27,0.535375004259471
"Bulgaria",20481.3297075763,11,0.230764532959267
"Bulgaria",20481.3297075763,0,-0.570290114433207
"Bulgaria",20481.3297075763,417,-0.472651409500609
"Bulgaria",20481.3297075763,70,0.591985289800443
"Bulgaria",20481.3297075763,3,0.453528072486869
"Bulgaria",20481.3297075763,3,0.328608346150301
"Bulgaria",20481.3297075763,2,0.177641069336178
"Bulgaria",20481.3297075763,0,-0.803654188051095
"Bulgaria",20481.3297075763,35,0.682590904825616
"Bulgaria",20481.3297075763,0,-0.477311941740839
"Bulgaria",20481.3297075763,34,0.0561060388222382
"Bulgaria",20481.3297075763,13,-0.545068148019735
"Bulgaria",20481.3297075763,116,0.526605688344859
"Myanmar",5063.04092727969,0,-0.73922159576288
"Myanmar",5063.04092727969,0,-0.511723010245998
"Myanmar",5063.04092727969,28,-0.632242365589324
"Myanmar",5063.04092727969,34,-1.24511952953099
"Myanmar",5063.04092727969,15,-1.21416622650181
"Myanmar",5063.04092727969,0,0.201468916572369
"Myanmar",5063.04092727969,24,-0.970440023411367
"Myanmar",5063.04092727969,26,-0.686558923974174
"Myanmar",5063.04092727969,18,-0.0838668474314105
"Myanmar",5063.04092727969,5,-1.6133583061046
"Myanmar",5063.04092727969,108,-0.356479034221771
"Myanmar",5063.04092727969,0,-1.44956387795371
"Myanmar",5063.04092727969,50,-1.59319496010803
"Myanmar",5063.04092727969,47,-0.523488944463441
"Myanmar",5063.04092727969,0,-0.333380391190182
"Myanmar",5063.04092727969,41,-1.03126180170071
"Myanmar",5063.04092727969,0,-0.972372395513516
"Myanmar",5063.04092727969,16,-0.945449626992457
"Myanmar",5063.04092727969,40,-0.0856863348403778
"Myanmar",5063.04092727969,1,-1.41517926656508
"Myanmar",5063.04092727969,9,-0.452660713003902
"Myanmar",5063.04092727969,34,0.40233238211204
"Myanmar",5063.04092727969,1,-2.51743385224022
"Myanmar",5063.04092727969,0,-1.67467520383087
"Myanmar",5063.04092727969,48,-0.313361874225388
"Myanmar",5063.04092727969,0,1.00106738974376
"Myanmar",5063.04092727969,0,-0.457590727718155
"Myanmar",5063.04092727969,8,-1.860537774092
"Myanmar",5063.04092727969,0,-1.83986832227518
"Myanmar",5063.04092727969,65,-0.835878971227169
"Myanmar",5063.04092727969,139,0.673360070307723
"Myanmar",5063.04092727969,1,-0.214032118861345
"Myanmar",5063.04092727969,0,-0.430822006145859
"Myanmar",5063.04092727969,90,-0.146018455025298
"Myanmar",5063.04092727969,0,-2.05628744149136
"Myanmar",5063.04092727969,7,-0.599071852690554
"Myanmar",5063.04092727969,2,0.236711061785004
"Myanmar",5063.04092727969,0,-0.790845281870207
"Myanmar",5063.04092727969,0,-0.783901739945633
"Myanmar",5063.04092727969,0,-0.774086863287446
"Myanmar",5063.04092727969,0,-0.391452814197893
"Myanmar",5063.04092727969,0,-1.23109944507876
"Myanmar",5063.04092727969,0,-0.97041912510221
"Myanmar",5063.04092727969,21,-0.840881331940388
"Myanmar",5063.04092727969,4,-0.101546672141784
"Myanmar",5063.04092727969,8,-0.649329197754473
"Myanmar",5063.04092727969,15,-1.48103380218014
"Myanmar",5063.04092727969,0,-1.38506370902581
"Myanmar",5063.04092727969,19,-1.33968588048755
"Myanmar",5063.04092727969,0,-0.604926748187992
"Myanmar",5063.04092727969,1,-0.962116220139695
"Myanmar",5063.04092727969,0,-0.973892892049537
"Myanmar",5063.04092727969,0,-0.869675476645295
"Myanmar",5063.04092727969,3,-0.858653369348901
"Myanmar",5063.04092727969,0,0.0807256951297599
"Myanmar",5063.04092727969,0,0.422943004214663
"Myanmar",5063.04092727969,0,-0.791130103984598
"Myanmar",5063.04092727969,33,-1.22312298894732
"Myanmar",5063.04092727969,27,-1.18209201400772
"Myanmar",5063.04092727969,10,-2.0829339382446
"Myanmar",5063.04092727969,0,-1.41750848179283
"Myanmar",5063.04092727969,10,0.850270743791702
"Myanmar",5063.04092727969,0,-1.16302863213363
"Myanmar",5063.04092727969,0,-0.823783755156847
"Myanmar",5063.04092727969,0,-1.74074637538289
"Myanmar",5063.04092727969,66,-0.219317976010043
"Myanmar",5063.04092727969,16,-0.444989919386099
"Myanmar",5063.04092727969,0,-0.955648549491364
"Myanmar",5063.04092727969,23,-0.331337548131857
"Myanmar",5063.04092727969,89,-0.626766181429122
"Myanmar",5063.04092727969,8,-0.208861079377127
"Myanmar",5063.04092727969,49,0.332768995879615
"Myanmar",5063.04092727969,0,0.0291048905488617
"Myanmar",5063.04092727969,2,-0.717875026867265
"Myanmar",5063.04092727969,5,-1.54332309612685
"Myanmar",5063.04092727969,86,-1.41334416282011
"Myanmar",5063.04092727969,0,-1.17670249473079
"Myanmar",5063.04092727969,93,-0.561370811694676
"Myanmar",5063.04092727969,6,-1.05239491295974
"Myanmar",5063.04092727969,72,-1.26991272617879
"Myanmar",5063.04092727969,108,-1.39447484410625
"Myanmar",5063.04092727969,3,-0.791632272072965
"Myanmar",5063.04092727969,1,0.391874382932239
"Myanmar",5063.04092727969,15,-0.731411113163849
"Myanmar",5063.04092727969,2,-0.860271428647353
"Myanmar",5063.04092727969,0,-0.812496102268873
"Myanmar",5063.04092727969,8,-0.640607073783736
"Myanmar",5063.04092727969,5,-1.47231261746255
"Myanmar",5063.04092727969,9,-1.54000565342366
"Myanmar",5063.04092727969,0,0.197270465977262
"Myanmar",5063.04092727969,1,-0.38211797504309
"Myanmar",5063.04092727969,0,-0.53986018245519
"Myanmar",5063.04092727969,0,-0.365684220982648
"Myanmar",5063.04092727969,19,-0.811337822410386
"Myanmar",5063.04092727969,11,-1.09067894704683
"Myanmar",5063.04092727969,18,-1.21227621511348
"Myanmar",5063.04092727969,33,0.104822960794192
"Myanmar",5063.04092727969,47,-0.571572225983171
"Myanmar",5063.04092727969,45,-0.50729666221442
"Myanmar",5063.04092727969,3,-1.32752517930474
"Bangladesh",3864.49784644337,0,-2.17024320340045
"Bangladesh",3864.49784644337,9,-0.094346963785967
"Bangladesh",3864.49784644337,3,-0.9677590241617
"Bangladesh",3864.49784644337,21,-1.46039604639294
"Bangladesh",3864.49784644337,0,-0.408488417084226
"Bangladesh",3864.49784644337,46,0.326934962153241
"Bangladesh",3864.49784644337,14,-0.74514544161829
"Bangladesh",3864.49784644337,0,-0.370141194621093
"Bangladesh",3864.49784644337,0,-0.542110767273368
"Bangladesh",3864.49784644337,10,-1.11199725926058
"Bangladesh",3864.49784644337,0,-1.56410156177441
"Bangladesh",3864.49784644337,28,-1.57627634779505
"Bangladesh",3864.49784644337,0,-0.549761628055671
"Bangladesh",3864.49784644337,34,-1.17723728880497
"Bangladesh",3864.49784644337,87,0.34076128771002
"Bangladesh",3864.49784644337,0,-0.356235710450879
"Bangladesh",3864.49784644337,1,-1.81921433561785
"Bangladesh",3864.49784644337,0,-1.42629818167195
"Bangladesh",3864.49784644337,0,-0.475723803721222
"Bangladesh",3864.49784644337,0,-0.603857075595361
"Bangladesh",3864.49784644337,0,-0.950307402019811
"Bangladesh",3864.49784644337,0,-0.969589469550053
"Bangladesh",3864.49784644337,7,-1.73777496852262
"Bangladesh",3864.49784644337,0,-0.155142228110821
"Bangladesh",3864.49784644337,0,-0.277583859778185
"Bangladesh",3864.49784644337,0,-1.34060230627859
"Bangladesh",3864.49784644337,0,0.0690341003217885
"Bangladesh",3864.49784644337,13,0.316842641141945
"Bangladesh",3864.49784644337,30,0.789139784033597
"Bangladesh",3864.49784644337,0,-1.34670841635298
"Bangladesh",3864.49784644337,0,-1.04856879761144
"Bangladesh",3864.49784644337,14,-0.161832499637258
"Bangladesh",3864.49784644337,6,-1.17838752218634
"Bangladesh",3864.49784644337,38,-0.542161547332288
"Bangladesh",3864.49784644337,1,-0.445786662552539
"Bangladesh",3864.49784644337,13,-1.30162055396107
"Bangladesh",3864.49784644337,0,-0.822215017049064
"Bangladesh",3864.49784644337,18,-1.19329042047283
"Bangladesh",3864.49784644337,4,-0.87689493763868
"Bangladesh",3864.49784644337,9,-0.558225733148431
"Bangladesh",3864.49784644337,0,-0.638924102226565
"Bangladesh",3864.49784644337,2,-1.8585652516376
"Bangladesh",3864.49784644337,105,-1.14468080090338
"Bangladesh",3864.49784644337,0,-0.598133051173849
"Bangladesh",3864.49784644337,7,-0.5182980462355
"Bangladesh",3864.49784644337,0,-0.0294425768028814
"Bangladesh",3864.49784644337,0,-0.959384275003964
"Bangladesh",3864.49784644337,0,0.190980064924145
"Bangladesh",3864.49784644337,71,-2.02450383973062
"Bangladesh",3864.49784644337,25,-0.447372365574311
"Bangladesh",3864.49784644337,8,-1.15158944981567
"Bangladesh",3864.49784644337,0,-0.995495852905789
"Bangladesh",3864.49784644337,10,-1.4780991487947
"Bangladesh",3864.49784644337,3,-1.81943227027178
"Bangladesh",3864.49784644337,12,-0.997139707511764
"Bangladesh",3864.49784644337,0,-0.514760204435318
"Bangladesh",3864.49784644337,17,-0.795633366352556
"Bangladesh",3864.49784644337,175,-0.222446999426244
"Bangladesh",3864.49784644337,9,-1.39042286062093
"Bangladesh",3864.49784644337,5,-0.335001223725994
"Bangladesh",3864.49784644337,0,-0.827814214148576
"Bangladesh",3864.49784644337,0,0.0862952903926707
"Bangladesh",3864.49784644337,4,-0.625620172251832
"Bangladesh",3864.49784644337,32,-0.700855671913306
"Bangladesh",3864.49784644337,93,-0.634121585544093
"Bangladesh",3864.49784644337,0,-1.11576105880227
"Bangladesh",3864.49784644337,17,-0.503730634356275
"Bangladesh",3864.49784644337,59,-1.38044778238709
"Bangladesh",3864.49784644337,0,-0.754698550432563
"Bangladesh",3864.49784644337,3,-1.25203466313807
"Bangladesh",3864.49784644337,0,-0.658458638905513
"Bangladesh",3864.49784644337,0,-1.78038850157057
"Bangladesh",3864.49784644337,7,-1.57759234807471
"Bangladesh",3864.49784644337,13,-1.07743536795711
"Bangladesh",3864.49784644337,1,-0.561306767904009
"Bangladesh",3864.49784644337,4,-2.21605295315342
"Bangladesh",3864.49784644337,0,-1.1964102065803
"Bangladesh",3864.49784644337,0,-1.37272126937589
"Bangladesh",3864.49784644337,0,-0.871326669073383
"Bangladesh",3864.49784644337,2,-0.169373294852566
"Bangladesh",3864.49784644337,22,-1.33505416284242
"Bangladesh",3864.49784644337,0,-0.76940140570684
"Bangladesh",3864.49784644337,34,-0.773996416814926
"Bangladesh",3864.49784644337,0,-0.435612129161787
"Bangladesh",3864.49784644337,55,-0.245529534479501
"Bangladesh",3864.49784644337,14,-0.854413079741
"Bangladesh",3864.49784644337,4,-2.35347234746302
"Bangladesh",3864.49784644337,64,-0.839475490002332
"Bangladesh",3864.49784644337,0,-1.43226640295719
"Bangladesh",3864.49784644337,0,-0.309860203151269
"Bangladesh",3864.49784644337,0,-0.485764828335239
"Bangladesh",3864.49784644337,32,-1.50579695800787
"Bangladesh",3864.49784644337,15,0.121769003863262
"Bangladesh",3864.49784644337,92,0.585192361108261
"Bangladesh",3864.49784644337,3,-0.86907672311817
"Bangladesh",3864.49784644337,1,-0.658011068936046
"Bangladesh",3864.49784644337,0,-1.80682030125071
"Bangladesh",3864.49784644337,30,-0.451250825245151
"Bangladesh",3864.49784644337,7,-2.14886484812028
"Bangladesh",3864.49784644337,2,0.260407240239708
"Yemen",2155,13,0.288990740869067
"Yemen",2155,5,-0.299429769398115
"Yemen",2155,19,-0.645668066813582
"Yemen",2155,71,-0.175742983914009
"Yemen",2155,1,-0.455369974266637
"Yemen",2155,0,-1.43078287025149
"Yemen",2155,6,-1.37469948633681
"Yemen",2155,0,-0.878483522656734
"Yemen",2155,7,0.238152613272597
"Yemen",2155,13,-1.99218128463329
"Yemen",2155,0,-0.969957074535777
"Yemen",2155,20,-1.9945638414229
"Yemen",2155,26,-0.761577217539415
"Yemen",2155,10,-0.895371432979443
"Yemen",2155,17,-1.08439858296794
"Yemen",2155,0,-1.3678536562636
"Yemen",2155,13,-0.228760849536323
"Yemen",2155,0,-0.121912983779441
"Yemen",2155,0,-2.0861314089863
"Yemen",2155,0,-0.167676639783603
"Yemen",2155,1,-0.126690706274954
"Yemen",2155,2,-1.10171708064875
"Yemen",2155,0,-1.24419603503579
"Yemen",2155,20,0.0186213245310229
"Yemen",2155,38,-0.867009740034949
"Yemen",2155,21,-0.179991653343198
"Yemen",2155,0,-0.488620188752194
"Yemen",2155,3,-0.303982118911767
"Yemen",2155,32,-0.447835200664451
"Yemen",2155,3,-1.25297732777685
"Yemen",2155,14,0.161813326723803
"Yemen",2155,11,-0.587891779874726
"Yemen",2155,1,-0.823130153979444
"Yemen",2155,5,-1.83311562719419
"Yemen",2155,13,-0.521318516219206
"Yemen",2155,18,-0.350174931123972
"Yemen",2155,2,-0.121961511876212
"Yemen",2155,0,-1.69469650025124
"Yemen",2155,0,-1.01621824502639
"Yemen",2155,4,-1.84993195108556
"Yemen",2155,30,-0.552147151819743
"Yemen",2155,80,-0.622041865942465
"Yemen",2155,4,1.12473334810213
"Yemen",2155,13,-1.03373942262919
"Yemen",2155,18,-0.45558500716729
"Yemen",2155,27,0.153081152125887
"Yemen",2155,0,-1.11939952538793
"Yemen",2155,0,-0.729571563761193
"Yemen",2155,0,-1.3284602791477
"Yemen",2155,10,-1.6197288178363
"Yemen",2155,0,-0.135347545750684
"Yemen",2155,27,0.0681975069387139
"Yemen",2155,1,-1.36746731841558
"Yemen",2155,2,-1.5152358820923
"Yemen",2155,11,-1.88039766726586
"Yemen",2155,6,0.0315085131176888
"Yemen",2155,0,-1.50792253702816
"Yemen",2155,1,0.278130034794137
"Yemen",2155,8,-0.440709109449325
"Yemen",2155,0,-0.535722706819369
"Yemen",2155,0,-0.768049482302396
"Yemen",2155,5,-1.08580836575333
"Yemen",2155,24,-0.864710781180803
"Yemen",2155,0,0.0736340170279331
"Yemen",2155,0,-0.710003272755355
"Yemen",2155,20,-1.60855240660889
"Yemen",2155,0,-2.00437041004104
"Yemen",2155,2,-1.53989623610577
"Yemen",2155,0,-0.305672373607969
"Yemen",2155,0,-2.13075777319548
"Yemen",2155,16,1.00520439837128
"Yemen",2155,4,-1.51059221976462
"Yemen",2155,7,-0.618229467868744
"Yemen",2155,0,-0.0765424239925565
"Yemen",2155,0,-1.32881313059985
"Yemen",2155,9,-0.479506357967231
"Yemen",2155,0,-0.0217145750663346
"Yemen",2155,0,-0.83744341445021
"Yemen",2155,15,-0.869413862481329
"Yemen",2155,0,-0.0611279898171976
"Yemen",2155,15,0.367694536207166
"Yemen",2155,13,-0.594250724754694
"Yemen",2155,0,-0.940714871894254
"Yemen",2155,0,-0.966114258130681
"Yemen",2155,0,-0.564005711669164
"Yemen",2155,19,-1.55325618621745
"Yemen",2155,12,-0.761468154617338
"Yemen",2155,7,-0.176519557744786
"Yemen",2155,4,0.13878102986509
"Yemen",2155,0,-1.31928419838549
"Yemen",2155,0,-0.385513458505648
"Yemen",2155,0,-1.58211352753788
"Yemen",2155,38,0.117757314062128
"Yemen",2155,2,-0.846246217235904
"Yemen",2155,0,0.512647613189029
"Yemen",2155,0,-1.32196878173637
"Yemen",2155,0,-1.17262421895198
"Yemen",2155,0,0.0955324101295604
"Yemen",2155,0,-0.171551551593777
"Yemen",2155,0,-0.826657416580911
"Afghanistan",1899,0,0.309843470142187
"Afghanistan",1899,18,-0.720638448321484
"Afghanistan",1899,0,-0.911686938939422
"Afghanistan",1899,3,-0.445943488009796
"Afghanistan",1899,5,-0.792367505474334
"Afghanistan",1899,3,-1.64594718451064
"Afghanistan",1899,0,-0.342706410612081
"Afghanistan",1899,52,-0.515771148522328
"Afghanistan",1899,5,-1.09479088854974
"Afghanistan",1899,22,-0.850824514330623
"Afghanistan",1899,0,0.069482781049647
"Afghanistan",1899,0,-0.837375361959757
"Afghanistan",1899,12,-1.63256498326103
"Afghanistan",1899,0,-0.5215615185851
"Afghanistan",1899,0,-2.27199848372809
"Afghanistan",1899,0,-0.807386769530834
"Afghanistan",1899,8,-1.04121504303883
"Afghanistan",1899,0,-0.334735008235379
"Afghanistan",1899,9,-1.44778023246942
"Afghanistan",1899,1,-1.01183732312346
"Afghanistan",1899,35,-0.81508129593391
"Afghanistan",1899,14,-0.944315128771175
"Afghanistan",1899,0,-1.86717303030723
"Afghanistan",1899,1,-0.237855177758638
"Afghanistan",1899,2,-0.675648780815745
"Afghanistan",1899,33,1.09404053969083
"Afghanistan",1899,14,-0.429178962683382
"Afghanistan",1899,4,-0.932325853718318
"Afghanistan",1899,23,-0.705706211232571
"Afghanistan",1899,5,-1.28315760286225
"Afghanistan",1899,17,-0.81464117196705
"Afghanistan",1899,22,-0.498594285719295
"Afghanistan",1899,0,0.208328378938306
"Afghanistan",1899,0,0.284384746174528
"Afghanistan",1899,18,-1.64205713798502
"Afghanistan",1899,7,-1.05528300946813
"Afghanistan",1899,0,-1.65622228530972
"Afghanistan",1899,0,-0.25925627862038
"Afghanistan",1899,0,-1.07428206578621
"Afghanistan",1899,11,-1.82136736929739
"Afghanistan",1899,5,-0.961635723186808
"Afghanistan",1899,0,-0.836905568730001
"Afghanistan",1899,23,-1.15076982419048
"Afghanistan",1899,8,-0.792903424177619
"Afghanistan",1899,3,0.256597408700418
"Afghanistan",1899,0,-0.646073264651785
"Afghanistan",1899,16,-0.813177512410852
"Afghanistan",1899,53,-1.22062629408948
"Afghanistan",1899,35,-1.07589196132636
"Afghanistan",1899,0,-1.19280154236097
"Afghanistan",1899,7,0.114590475933283
"Afghanistan",1899,7,-0.516321011229273
"Afghanistan",1899,0,-1.03913179599994
"Afghanistan",1899,13,-1.7441092777872
"Afghanistan",1899,50,-0.16440852105287
"Afghanistan",1899,18,-0.805547066949651
"Afghanistan",1899,0,-0.468922363897131
"Afghanistan",1899,5,-0.871606852175122
"Afghanistan",1899,5,-0.268464850993663
"Afghanistan",1899,0,-1.24866016382168
"Afghanistan",1899,0,-0.269413661481578
"Afghanistan",1899,0,-1.20295942268396
"Afghanistan",1899,0,-1.30172531136747
"Afghanistan",1899,0,-0.410859714534316
"Afghanistan",1899,0,-1.94613804600636
"Afghanistan",1899,6,-0.811980742230342
"Afghanistan",1899,0,-0.0152607797748021
"Afghanistan",1899,12,-1.52381412724653
"Afghanistan",1899,0,-0.392973161679088
"Afghanistan",1899,0,-1.01152714159609
"Afghanistan",1899,0,-1.69813076233091
"Afghanistan",1899,18,0.0394284396596447
"Afghanistan",1899,0,-0.248865023611805
"Afghanistan",1899,0,-1.30899903451412
"Afghanistan",1899,10,-0.825272587690642
"Afghanistan",1899,0,-1.07086568204171
"Afghanistan",1899,0,-0.0135848683205511
"Afghanistan",1899,7,-1.48764019525458
"Afghanistan",1899,0,-0.27348836365171
"Afghanistan",1899,2,0.164110303083052
"Afghanistan",1899,13,-1.11005914790792
"Afghanistan",1899,0,-0.37402643118189
"Afghanistan",1899,0,-0.246943049802314
"Afghanistan",1899,6,-0.229191170646396
"Afghanistan",1899,5,-0.158820145234861
"Afghanistan",1899,8,-0.920237419570414
"Afghanistan",1899,0,-0.152830560962668
"Afghanistan",1899,2,-0.429719035488364
"Afghanistan",1899,0,-0.890433496179367
"Afghanistan",1899,0,-0.30581361061527
"Afghanistan",1899,0,-0.167303188048808
"Afghanistan",1899,0,-1.19101206725676
"Afghanistan",1899,0,-1.69427564268433
"Afghanistan",1899,19,-1.42480803492237
"Afghanistan",1899,0,-2.27711067873795
"Afghanistan",1899,0,-0.721842779649649
"Afghanistan",1899,0,-0.791578871949896
"Afghanistan",1899,22,-0.357149814546454
"Afghanistan",1899,2,-0.346425911160721
"Afghanistan",1899,0,-0.882315544259061
"Uganda",1854,0,-0.467028237038079
"Uganda",1854,0,-0.135991401411107
"Uganda",1854,0,-1.45235705046193
"Uganda",1854,4,-0.435729635762788
"Uganda",1854,0,-1.43843969126284
"Uganda",1854,52,-1.49470558190409
"Uganda",1854,0,-0.150548190474001
"Uganda",1854,18,-0.843061882938477
"Uganda",1854,0,-0.603547893656473
"Uganda",1854,20,-0.521529878846032
"Uganda",1854,0,-1.16641601307991
"Uganda",1854,0,-1.65513731068958
"Uganda",1854,1,-0.447931711225304
"Uganda",1854,12,0.793007833286181
"Uganda",1854,0,-1.10341644382222
"Uganda",1854,9,-0.100085001272463
"Uganda",1854,0,-1.87150794684532
"Uganda",1854,0,-0.763250608762972
"Uganda",1854,0,-0.156091041167897
"Uganda",1854,2,-1.062689971427
"Uganda",1854,29,-0.295928974826069
"Uganda",1854,0,-1.06477749152137
"Uganda",1854,0,-0.805990848041516
"Uganda",1854,1,0.0506457735376041
"Uganda",1854,4,-0.0850773348794251
"Uganda",1854,0,-0.247544276766682
"Uganda",1854,5,-2.08228784341598
"Uganda",1854,0,-1.04451615839399
"Uganda",1854,0,-0.593409565034369
"Uganda",1854,17,0.303128605092905
"Uganda",1854,12,0.475731831162118
"Uganda",1854,0,-1.28260232084389
"Uganda",1854,12,-0.79731538169469
"Uganda",1854,6,-1.50157304981951
"Uganda",1854,0,-0.534088292050916
"Uganda",1854,0,-0.569068742259488
"Uganda",1854,0,0.371906801296583
"Uganda",1854,0,-1.13077040061512
"Uganda",1854,31,-0.851176971918271
"Uganda",1854,0,-1.19699114118014
"Uganda",1854,2,-0.198252554852779
"Uganda",1854,21,0.110607740882947
"Uganda",1854,7,-0.733623211887575
"Uganda",1854,7,-0.740916580609574
"Uganda",1854,0,-1.48036209934111
"Uganda",1854,0,0.795229469056464
"Uganda",1854,0,-0.328801452503485
"Uganda",1854,15,-1.37505081180339
"Uganda",1854,0,-0.460308756316443
"Uganda",1854,0,-0.261954407363682
"Uganda",1854,0,0.680273301489215
"Uganda",1854,2,-0.802835130853378
"Uganda",1854,0,-1.25622636721423
"Uganda",1854,0,-2.02046322481272
"Uganda",1854,0,-0.292128492650059
"Uganda",1854,0,-0.830043909127324
"Uganda",1854,29,-1.75220560058004
"Uganda",1854,1,-0.069112884940861
"Uganda",1854,6,-0.810595185174499
"Uganda",1854,0,-1.6076151473768
"Uganda",1854,0,-0.709275233082438
"Uganda",1854,0,-1.34920236031472
"Uganda",1854,0,-1.00644270688004
"Uganda",1854,23,-0.0877647812513066
"Uganda",1854,7,-0.524423796380301
"Uganda",1854,2,-0.597363111361052
"Uganda",1854,37,-0.248003234689787
"Uganda",1854,0,-1.08677375921644
"Uganda",1854,5,-1.86191178686372
"Uganda",1854,2,0.520453415832808
"Uganda",1854,12,0.512437150845483
"Uganda",1854,9,-0.271134709761579
"Uganda",1854,18,-0.0437200980956683
"Uganda",1854,0,-0.776524638769213
"Uganda",1854,21,0.100808042667071
"Uganda",1854,0,-0.344392750576544
"Uganda",1854,47,-0.432351173913144
"Uganda",1854,21,-1.0253558077909
"Uganda",1854,20,0.554794703443411
"Uganda",1854,0,-0.510955328166975
"Uganda",1854,0,0.437769523918612
"Uganda",1854,0,-0.131623939826934
"Uganda",1854,12,-0.851781363406355
"Uganda",1854,0,-0.803422179692107
"Uganda",1854,0,0.130579996307406
"Uganda",1854,0,0.0435334803466594
"Uganda",1854,0,-0.422984845468304
"Uganda",1854,24,-0.021667447843456
"Uganda",1854,0,-1.9016624750746
"Uganda",1854,18,-0.759220653632846
"Uganda",1854,4,-1.77051820240397
"Uganda",1854,0,-1.50045802892662
"Uganda",1854,0,-0.337517318667164
"Uganda",1854,0,-0.133086895480419
"Uganda",1854,18,-1.55283605667431
"Uganda",1854,40,0.1558624598439
"Uganda",1854,10,-0.510134442287187
"Uganda",1854,0,-0.407936205451926
"Uganda",1854,35,-0.792223885960597
"Uganda",1854,34,-0.923830181284202
"Ethiopia",1826,0,-0.538366086741671
"Ethiopia",1826,21,-0.466740911988125
"Ethiopia",1826,0,-0.248101639263272
"Ethiopia",1826,0,-0.426224184419837
"Ethiopia",1826,0,-0.320537792569906
"Ethiopia",1826,0,0.0486790844346452
"Ethiopia",1826,12,-0.708453352815736
"Ethiopia",1826,0,-0.0918694901624128
"Ethiopia",1826,0,-0.85702074037683
"Ethiopia",1826,19,-0.455965003061469
"Ethiopia",1826,0,-0.426627297872386
"Ethiopia",1826,26,0.16279681337555
"Ethiopia",1826,1,0.350608584147915
"Ethiopia",1826,0,-0.422096023726429
"Ethiopia",1826,2,-1.56067458969902
"Ethiopia",1826,31,-0.985870444988824
"Ethiopia",1826,0,-0.161287422433812
"Ethiopia",1826,0,-0.355333684672487
"Ethiopia",1826,0,-0.790066439550376
"Ethiopia",1826,0,0.235548278497895
"Ethiopia",1826,6,-0.801617363557305
"Ethiopia",1826,0,-0.278079697360321
"Ethiopia",1826,70,-1.02999535547982
"Ethiopia",1826,0,-0.57595503643598
"Ethiopia",1826,12,-0.24704236108906
"Ethiopia",1826,20,0.429813255658238
"Ethiopia",1826,5,-2.11481133865512
"Ethiopia",1826,0,-1.22999579965788
"Ethiopia",1826,0,-0.211327334755208
"Ethiopia",1826,70,-0.310737266552639
"Ethiopia",1826,0,-1.05349815571901
"Ethiopia",1826,21,-0.400714055070123
"Ethiopia",1826,0,-1.26644646172579
"Ethiopia",1826,0,-1.47827067345426
"Ethiopia",1826,101,0.353781818612677
"Ethiopia",1826,1,0.214923545836767
"Ethiopia",1826,0,-0.724940067565168
"Ethiopia",1826,12,-1.21612033836844
"Ethiopia",1826,56,-0.42533830660337
"Ethiopia",1826,27,0.416079965127194
"Ethiopia",1826,3,-0.469952090305281
"Ethiopia",1826,0,-1.71670765370825
"Ethiopia",1826,0,-0.142631520960474
"Ethiopia",1826,36,-0.474580648198574
"Ethiopia",1826,2,-0.658661998536482
"Ethiopia",1826,0,-0.0333821794678283
"Ethiopia",1826,5,-0.898357833738286
"Ethiopia",1826,0,-0.68634743312367
"Ethiopia",1826,0,0.0478079021574848
"Ethiopia",1826,0,-0.764605786530482
"Ethiopia",1826,18,-0.913798015902114
"Ethiopia",1826,0,-0.342241229036657
"Ethiopia",1826,10,-1.11458467998214
"Ethiopia",1826,0,-1.43343747514458
"Ethiopia",1826,8,-0.635082856540601
"Ethiopia",1826,0,-0.556420628654295
"Ethiopia",1826,41,-0.330051893979531
"Ethiopia",1826,0,-0.014577794765177
"Ethiopia",1826,0,-0.668378831804556
"Ethiopia",1826,21,-1.02694528817056
"Ethiopia",1826,0,-0.0118972114968959
"Ethiopia",1826,0,-1.32289534291641
"Ethiopia",1826,31,-0.735115080978289
"Ethiopia",1826,9,0.330215515052055
"Ethiopia",1826,0,-0.175270051773309
"Ethiopia",1826,0,-1.73434960043
"Ethiopia",1826,0,-2.13019824149016
"Ethiopia",1826,2,-0.807885403351026
"Ethiopia",1826,0,-0.407962043328609
"Ethiopia",1826,13,0.251535728464844
"Ethiopia",1826,0,0.243897866700718
"Ethiopia",1826,11,0.25810285293253
"Ethiopia",1826,0,-0.816200534400765
"Ethiopia",1826,0,-0.670031677215688
"Ethiopia",1826,3,-1.30054532468678
"Ethiopia",1826,0,0.0868023581574722
"Ethiopia",1826,1,-1.68990593370382
"Ethiopia",1826,0,-0.304215349680635
"Ethiopia",1826,0,-0.775291795442289
"Ethiopia",1826,0,0.128513609374489
"Ethiopia",1826,0,-1.01816506482614
"Ethiopia",1826,0,-2.27371835550509
"Ethiopia",1826,0,-1.38690408089118
"Ethiopia",1826,0,-0.825722177652087
"Ethiopia",1826,3,-1.82329542170218
"Ethiopia",1826,1,-0.157864532315028
"Ethiopia",1826,7,-0.425175076183294
"Ethiopia",1826,13,-1.32620748123773
"Ethiopia",1826,0,-1.7356691123937
"Ethiopia",1826,20,-0.267109375443481
"Ethiopia",1826,20,-1.21998750431829
"Ethiopia",1826,0,-0.990244194928336
"Ethiopia",1826,0,-0.0382168418992038
"Ethiopia",1826,0,0.129564386498781
"Ethiopia",1826,21,-1.05585442580833
"Ethiopia",1826,2,-0.805790331968082
"Ethiopia",1826,0,0.23881558489012
"Ethiopia",1826,30,-0.736034130140818
"Ethiopia",1826,8,-0.921967842034042
"Ethiopia",1826,8,-1.171214312012
